{
  "accuracy": 99.16,
  "classification_report": {
    "0": {
      "precision": 0.9898785425101214,
      "recall": 0.9979591836734694,
      "f1-score": 0.9939024390243902,
      "support": 980.0
    },
    "1": {
      "precision": 0.9947368421052631,
      "recall": 0.9991189427312775,
      "f1-score": 0.9969230769230769,
      "support": 1135.0
    },
    "2": {
      "precision": 0.9922330097087378,
      "recall": 0.9903100775193798,
      "f1-score": 0.991270611057226,
      "support": 1032.0
    },
    "3": {
      "precision": 0.9921182266009853,
      "recall": 0.997029702970297,
      "f1-score": 0.994567901234568,
      "support": 1010.0
    },
    "4": {
      "precision": 0.9898373983739838,
      "recall": 0.9918533604887984,
      "f1-score": 0.9908443540183113,
      "support": 982.0
    },
    "5": {
      "precision": 0.9910213243546577,
      "recall": 0.9899103139013453,
      "f1-score": 0.9904655075715086,
      "support": 892.0
    },
    "6": {
      "precision": 0.9926315789473684,
      "recall": 0.9843423799582464,
      "f1-score": 0.9884696016771488,
      "support": 958.0
    },
    "7": {
      "precision": 0.9874152952565344,
      "recall": 0.9922178988326849,
      "f1-score": 0.9898107714701602,
      "support": 1028.0
    },
    "8": {
      "precision": 0.992798353909465,
      "recall": 0.9907597535934292,
      "f1-score": 0.9917780061664954,
      "support": 974.0
    },
    "9": {
      "precision": 0.9929789368104313,
      "recall": 0.981169474727453,
      "f1-score": 0.9870388833499502,
      "support": 1009.0
    },
    "accuracy": 0.9916,
    "macro avg": {
      "precision": 0.9915649508577549,
      "recall": 0.9914671088396381,
      "f1-score": 0.9915071152492836,
      "support": 10000.0
    },
    "weighted avg": {
      "precision": 0.9916047828968251,
      "recall": 0.9916,
      "f1-score": 0.9915934684593632,
      "support": 10000.0
    }
  }
}